"text","label","source","ai_assisted"
"Добрый день! Ты не поверишь, я нашёл способ заработать миллион за неделю!","1","human","0"
"Доводим до вашего сведения, что для получения выигрыша необходимо подтвердить личность, перейдя по указанной ссылке. Благодарим за понимание.","1","ai","1"
"Дорогой друг, ваш заказ успешно оформлен и передан в доставку. Ожидайте уведомление.","0","ai","1"
"Дорогой друг, благодарим за обращение. Направляем вам отчёт за прошедший период во вложении к данному письму.","0","ai","1"
"Обращаем ваше внимание, что мы заметили подозрительную активность. Авторизуйтесь для подтверждения личности. Будем рады ответить на ваши вопросы.","1","ai","1"
"Уважаемый клиент, настоящим сообщаем, что ваш аккаунт будет заблокирован в течение 24 часов. Пожалуйста, подтвердите данные по ссылке.","1","ai","1"
"Hey, can you send me the slides from yesterday's meeting? I lost the email!!!","0","human","0"
"Здарова, завтра тренировка в 19, ты идёшь?!!","0","human","0"
"Здравствуйте! Ваш запрос зарегистрирован под номером 48291. С уважением, служба поддержки.","0","ai","1"
"Приветик, Купите Виагру со скидкой 90% без рецепта. Доставка за 24 часа. Заходите на сайт.","1","human","0"
"Buy cheap meds online no prescription needed!!! Best prices guaranteed!!! ;)","1","human","0"
"Уважаемый клиент! Ваш билет подтверждён, однако требуется регистрация в течение 24 часов. Пожалуйста, не отвечайте на данное письмо.","1","ai","1"
"Buy cheap meds online no prescription neeedd!!! Best prices guaranteed!!!","1","human","0"
"URGENT!!! CLICK NOW to claim your FREE iPhone before midnight!!!! http://free-iphone.biz ;)","1","human","0"
"Отправляю акт по договору №1842, проверь и подпиши пожалуйста!!!!!","0","human","0"
"Не забудь взять ноутбук с презентацией на созвон в понедельник. )))","0","human","0"
"Ок, тогда созвонимся после обеда и обсудим баг с логином. :)","0","human","0"
"Your monthly statement is ready. Please find the PDF attached for your records. С уважением, команда Банк.","0","ai","1"
"Доводим до вашего сведения, что информируем, что профиль выбран для участия в программе лояльности с бонусами до 50%.","0","ai","1"
"Обращаем ваше внимание, что дорогой друг, настоящим сообщаем о необходимости срочной верификации аккаунта.","1","ai","1"
"Заказ №0921 отправлен, ждите доставку 2-3 дня.","0","human","0"
"Уважаемый абонент, уважаемый клиент, настоящим сообщаем, что ваш аккаунт будет заблокирован в течение 24 часов. Пожалуйста, подтвердите данные по ссылке.","1","ai","1"
"Срочно!!! Ваша посылка задержана на таможне. Оплати сбор по ссылке!!! :)","1","human","0"
"Привет! Давай втсретимся завтра в 15:00 в кафе на Ленина.","0","human","0"
"Привет! Привет! Давай встретимся завтра в 15:00 в кафе на Ленина.","0","human","0"
"Настоящим сообщаем, что please do not reply to this automated message. Contact support if assistance is required.","0","ai","1"
"Buy cheap meds online no prescription needed!!! Best prices guaranteed!!! )))","1","human","0"
"Заказ №9021 отправлен, жидте доставку 2-3 дня.","0","human","0"
"Скинь отчёт за пршолый месяц, не могу найти его в почте :)","0","human","0"
"Кредит без справок и поручителей за 5 минут, заходи на сайт прямо сейчас ;)","1","human","0"
"Please be advised that unusual login activity was detected. Confirm your identity via the secure link below. Пожалуйста, не отвечайте на данное письмо.","1","ai","1"
"Приветик, Кредит без справок и поручителей за 5 минут, заходи на сайт прямо сейчас","1","human","0"
"Уважаемый пользователь, ваш билет подтверждён, однако требуется регистрация в течение 48 часов.","1","ai","1"
"Привет! Давай встретимся завтра в 15:00 в кафе на Ленина. )))","0","human","0"
"Мама, позвони как сможешь, я буду дома полсе шести.","0","human","0"
"Доводим до вашего сведения, что уважаемый клиент, настоящим сообщаем, что ваш аккаунт будет заблокирован в течение 24 часов. Пожалуйста, подтвердите данные по ссылке.","1","ai","1"
"Здравствуйте! с уважением сообщаем, что доступ к личному кабинету восстановлен. Рекомендуем сменить пароль.","0","ai","1"
"Уважаемый абонент, your subscription renewal is scheduled in 14 days. Please review the updated terms at your convenience.","0","ai","1"
"Здравствуйте! информируем, что профиль выбран для участия в программе лояльности с бонусами до 50%.","0","ai","1"
"Обращаем ваше внимание, что please be advised that unusual login activity was detected. Confirm your identity via the secure link below.","1","ai","1"
"Добрый деьн! Пересылаю скан чека, если нужно — скажи.","0","human","0"
"Здравствуйте, уважаемый клиент! мы заметили подозрительную активность. Авторизуйтесь для подтверждения личности.","1","ai","1"
"СРОЧНО!!! Вы выиграли 1 000 000 долларов! Нажмите http://lucky-winner.xyz чтобы получить приз немедленно!!! )))","1","human","0"
"Привет! Hey, can you send me the slides from yesterday's meeting? I lost the email.","0","human","0"
"Привет! Кредит без справок и поручителей за 5 минут, заходи на сайт прямо сейчас","1","human","0"
"Заказ №9021 отправлен, ждтие доставку 2-3 дня.","0","human","0"
"Благодарим за обращение. Направляем вам отчёт за прошедший период во вложении к данному письму. С уважением, команда Банк.","0","ai","1"
"Уважаемый клиент, уважаемый клиент, настоящим сообщаем, что ваш аккаунт будет заблокирован в течение 24 часов. Пожалуйста, подтвердите данные по ссылке.","1","ai","1"
"Информируем вас о том, что настоящим сообщаем, что ваш заказ успешно оформлен и передан в доставку. Ожидайте уведомление.","0","ai","1"
"Lunch at 1? I'm near the office cafe if that works. ;)","0","human","0"
"Got it, thanks — I'll push the fix tonight. :)","0","human","0"
"Здравствуйте, уважаемый клиент! please be advised that unusual login activity was detected. Confirm your identity via the secure link below.","1","ai","1"
"Купите Вигару со скидкой 90% без рецепта. Доставка за 24 часа. Заходите на сайт.","1","human","0"
"Кредит без справок и поручителей за 5 минут, заходи на сайт прямо сейчас","1","human","0"
"Добрый день! Эй, ты видел новое сообщение в чате? Там правка по ТЗ.","0","human","0"
"Купите Виагру со скдикой 90% без рецепта. Доставка за 24 часа. Заходите на сайт.","1","human","0"
"Приветик, URGENT!!! CLICK NOW to claim your FREE iPhone before midnight!!!! http://free-iphone.biz","1","human","0"
"Уважаемый пользователь, мы заметили подозрительную активность. Авторизуйтесь для подтверждения личности.","1","ai","1"
"Благодарим за обращение. Направляем вам отчёт за прошедший период во вложении к данному письму. Пожалуйста, не отвечайте на данное письмо.","0","ai","1"
"Дорогой друг, настоящим сообщаем о необходимости срочной верификации аккаунта. С уважением, команда Маркет.","1","ai","1"
"Уважаемый пользователь, dear user, your session will expire. Authenticate promptly to retain access privileges.","1","ai","1"
"Buy cheap meds online no prescription needed!!! Best prices guaranteed!!","1","human","0"
"Не забудь взять ноутбук с презентацией на созвон в понедельник!!!","0","human","0"
"Привет! Купите Виагру со скидкой 90% без рецепта. Доставка за 24 часа.","1","human","0"
"Скинь отчёт за прошлый меясц, не могу найти его в почте :)","0","human","0"
"Добрый день! Заказ №85137 отправлен, ждите доставку 2-3 дня.","0","human","0"
"Доводим до вашего сведения, что доводим до вашего сведения, что для получения выигрыша необходимо подтвердить личность, перейдя по указанной ссылке.","1","ai","1"
"Здравствуйте! dear user, your session will expire. Authenticate promptly to retain access privileges.","1","ai","1"
"Lunch at 1? I'm near the office cafe if that works!!!!!","0","human","0"
"Здарова, Перешли пожалуйста инвойс за август, бухгалтерия просит.","0","human","0"
"Информируем вас о том, что please do not reply to this automated message. Contact support if assistance is required.","0","ai","1"
"Отправляю акт по доогвору №1842, проверь и подпиши пожалуйста.","0","human","0"
"Приветик, СРОЧНО!!! Вы выиграли 1 000 000 долларов! Нажмите http://lucky-winner.xyz чтобы получить приз немедленно!!!","1","human","0"
"Уважаемый абонент, запись на приём подтверждена. Дата визита: 14 числа текущего месяца. С уважением, служба поддержки.","0","ai","1"
"Отправляю акт по договору №1842, проверь и подпиши пожалуйста!!!","0","human","0"
"ЛОТЕРЕЯ!!! Отправьте банковские данные для получения приза пярмо сейчас!!!","1","human","0"
"Эй, ты виедл новое сообщение в чате? Там правка по ТЗ.","0","human","0"
"Dear customer, we hereby inform you that your account requires immediate verification to avoid suspension. С уважением, команда Магазин.","1","ai","1"
"Ваш заказ №4412 готов к выдаче в пункте самовывоза. :)","0","human","0"
"Приветик, скинь пожалуйста адрес доставки ещё раз!!!","0","human","0"
"Buy cheap meds onlnie no prescription needed!!! Best prices guaranteed!!!","1","human","0"
"Срочно!!! Ваша посылка задержана на таможне. Опалти сбор по ссылке!!!","1","human","0"
"Настоящим сообщаем, что please be advised that unusual login activity was detected. Confirm your identity via the secure link below.","1","ai","1"
"Доводим до вашего сведения, что для получения выигрыша необходимо подтвердить личность, перейдя по указанной ссылке. С уважением, команда Магазин.","1","ai","1"
"Здарова, завтра тренировка в 19, ты иёдшь?","0","human","0"
"Got it, thanks — I'll push the fix tonight!!","0","human","0"
"ЛОТЕРЕЯ!!! Отправьте банковские данные для получения приза прямо сейачс!!!","1","human","0"
"Здравствуйте, уважаемый клиент! настоящим сообщаем, что ваш заказ успешно оформлен и передан в доставку. Ожидайте уведомление.","0","ai","1"
"Здравствуйте, уважаемый клиент! ваш профиль выбран для участия в программе лояльности с бонусами до 50%.","0","ai","1"
"Добрый день! Пересылаю скан чеак, если нужно — скажи.","0","human","0"
"Dear user, your session will expire. Authenticate promptly to retain access privileges. Благодарим за понимание.","1","ai","1"
"Уважаемый клиент! Ваш билет подтверждён, однако требуется регистрация в течение 24 часов. Благодарим за понимание.","1","ai","1"
"Доводим до вашего сведения, что для получения выигрыша необходимо подтвердить личность, перейдя по указанной ссылке. Будем рады ответить на ваши вопросы.","1","ai","1"
"Заказ №9021 отправлен, ждите достакву 2-3 дня.","0","human","0"
"Купите Виагру со скидкой 90% без рецепта. Доставка за 24 часа. Заходите на сайт!!!!!","1","human","0"
"Dear customer, we hereby inform you that your account requires immediate verification to avoid suspension. Пожалуйста, не отвечайте на данное письмо.","1","ai","1"
"Уважаемый клиент, please do not reply to this automated message. Contact support if assistance is required.","0","ai","1"
"Thank you for contacting support. Your ticket # thr5521 has been received and is under review. Будем рады ответить на ваши вопросы.","0","ai","1"
"Перешли пожалуйста инвойс за август, бухгалтерия просит. ;)","0","human","0"
"Купите Виагру со скидкой 90% без рецепта. Доставка за 24 часа. Заходите на сайт.","1","human","0"
"Информируем вас о том, что ваш платёж был отклонён. Обновите платёжные данные, чтобы продолжить использование сервиса. Будем рады ответить на ваши вопросы.","1","ai","1"
"Купите Виагру со скидкой 90% без рецепта. Доставка за 24 часа. Заходите на сайт!!","1","human","0"
"Hey, can you send me the slides from yesterday's meeting? I lost the email. )))","0","human","0"
"Информируем вас о том, что с уважением сообщаем, что доступ к личному кабинету восстановлен. Рекомендуем сменить пароль.","0","ai","1"
"Ок, тогда созвонмися после обеда и обсудим баг с логином.","0","human","0"
"С уважением сообщаем, что доступ к личному кабинету восстановлен. Рекомендуем сменить пароль. С уважением, служба поддержки.","0","ai","1"
"Добрый день! Давай встретимся завтра в 15:00 в кафе на Ленина.","0","human","0"
"ЛОТЕРЕЯ!!! Отправьте банковские данные для получения приза прямо сейчас!!!!!","1","human","0"
"Уважаемый абонент, доводим до вашего сведения, что для получения выигрыша необходимо подтвердить личность, перейдя по указанной ссылке.","1","ai","1"
"Информируем вас о том, что информируем, что профиль выбран для участия в программе лояльности с бонусами до 50%.","0","ai","1"
"Здравствуйте, уважаемый клиент! ваш заказ успешно оформлен и передан в доставку. Ожидайте уведомление.","0","ai","1"
"Доводим до вашего сведения, что здравствуйте, уважаемый клиент! Будем рады ответить на ваши вопросы.","0","ai","1"
"Мама, позвони как сможешь, я буду дома после шести. :)","0","human","0"
"Ты не поверишь, я нашёл способ заработать миллион за неедлю! Пиши!!!","1","human","0"
"Заказ №9021 отправлен, ждите доставку 2-3 дня.","0","human","0"
"Купите Виагру со скидкой 90% без рецепта. Доставка за 24 часа. Заходите на сайт. ;)","1","human","0"
"Доводим до вашего сведения, что please do not reply to this automated message. Contact support if assistance is required.","0","ai","1"
"Hey, can you send me the slides from yesterday's meeting? I lost the email!!!!!","0","human","0"
"Уважаемый клиент, ваш аккаунт будет заблокирован в течение 3 часов. Подтвердите данные по ссылке ниже.","1","ai","1"
"Информируем, что профиль выбран для участия в программе лояльности с бонусами до 50%.","0","ai","1"
"Эй, Заказ №69817 отправлен, ждите доставку 2-3 дня.","0","human","0"
"Дорогой друг, we regret to inform you that your payment could not be processed. Kindly re-enter card details.","1","ai","1"
"Эй, ты видел новое сообщение в чате? Там правка по ТЗ!!!","0","human","0"
"ЛОТЕРЕЯ!!! Отправьте банковские данные для получения приза прямо сейчас!!!","1","human","0"
"Обращаем ваше внимание, что your monthly statement is ready. Please find the PDF attached for your records.","0","ai","1"
"Уважаемый абонент, запись на приём подтверждена. Дата визита: 14 числа текущего месяца.","0","ai","1"
"Доводим до вашего сведения, что дорогой друг, настоящим сообщаем о необходимости срочной верификации аккаунта.","1","ai","1"
"Your monthly statement is ready. Please find the PDF attached for your records. Пожалуйста, не отвечайте на данное письмо.","0","ai","1"
"Настоящим уведомляем о необходимости подтверждения email в течение 12 часов. С уважением, команда Сервис.","1","ai","1"
"Здарова, Срочно!!! Ваша посылка задержана на таможне. Оплати сбор по ссылке!!!","1","human","0"
"We kindly request that you update your billing information to continue uninterrupted service.","1","ai","1"
"Ты не поверишь, я нашёл способ заработать миллион за неделю! Пиши!!! )))","1","human","0"
"Здарова, Got it, thanks — I'll push the fix tonight.","0","human","0"
"Настоящим сообщаем, что настоящим сообщаем, что ваш заказ успешно оформлен и передан в доставку. Ожидайте уведомление.","0","ai","1"
"Здравствуйте! we regret to inform you that your payment could not be processed. Kindly re-enter card details.","1","ai","1"
"Здарова, Отправляю акт по договору №21329, проверь и подпиши пожалуйста.","0","human","0"
"Дорогой друг, настоящим сообщаем о необходимости срочной верификации аккаунта. С уважением, команда Онлайн.","1","ai","1"
"Настоящим сообщаем, что информируем, что профиль выбран для участия в программе лояльности с бонусами до 50%.","0","ai","1"
"URGENT!!! CLICK NOW to claim your FREE iPhone before midnight!!!! http://free-iphone.biz","1","human","0"
"Дорогой друг, настоящим сообщаем о необходимости срочной верификации аккаунта. Пожалуйста, не отвечайте на данное письмо.","1","ai","1"
"Your monthly statement is ready. Please find the PDF attached for your records. С уважением, служба поддержки.","0","ai","1"
"We regret to inform you that your payment could not be processed. Kindly re-enter card details. Благодарим за понимание.","1","ai","1"
"Доводим до вашего сведения, что уважаемый клиент! Ваш билет подтверждён, однако требуется регистрация в течение 24 часов.","1","ai","1"
"Уважаемый пользователь, we kindly request that you update your billing information to continue uninterrupted service.","1","ai","1"
"Доводим до вашего сведения, что we regret to inform you that your payment could not be processed. Kindly re-enter card details.","1","ai","1"
"URGENT!!! CLICK NOW to calim your FREE iPhone before midnight!!!! http://free-iphone.biz","1","human","0"
"Thank you for contacting support. Your ticket # thr5521 has been received and is under review. Пожалуйста, не отвечайте на данное письмо.","0","ai","1"
"Ок, тогда созвонимся после обеда и обсудим баг с логином. )))","0","human","0"
"Мама, позвони как сможешь, я буду дома после шести!!!","0","human","0"
"Добрый день! Добрый день! Пересылаю скан чека, если нужно — скажи.","0","human","0"
"Приветик, Got it, thanks — I'll push the fix tonight.","0","human","0"
"Эй, Кредит без справок и поручителей за 5 минут, заходит на сайт","1","human","0"
"Дорогой друг, дорогой друг, настоящим сообщаем о необходимости срочной верификации аккаунта.","1","ai","1"
"Обращаем ваше внимание, что информируем вас о том, что ваш платёж был отклонён. Обновите платёжные данные, чтобы продолжить использование сервиса.","1","ai","1"
"Обращаем ваше внимание, что мы заметили подозрительную активность. Авторизуйтесь для подтверждения личности.","1","ai","1"
"Dear user, your session will expire. Authenticate promptly to retain access privileges.","1","ai","1"
"WINNER!!! You have been selected! Reply with SSN to claim prize NOW!!!","1","human","0"
"Информируем вас о том, что обращаем ваше внимание, что мы заметили подозрительную активность. Авторизуйтесь для подтверждения личности.","1","ai","1"
"Настоящим уведомляем о необходимости подтверждения email в течение 12 часов. Пожалуйста, не отвечайте на данное письмо.","1","ai","1"
"We regret to inform you that your payment could not be processed. Kindly re-enter card details.","1","ai","1"
"Здравствуйте, уважаемый клиент! направляем вам отчёт за прошедший период во вложении к данному письму.","0","ai","1"
"Эй, Приветик, скинь пожалуйста адрес доставки ещё раз.","0","human","0"
"Thank you for contacting support. Your ticket # thr5521 has been received and is under review. Благодарим за понимание.","0","ai","1"
"Уважаемый клиент, направляем вам отчёт за прошедший период во вложении к данному письму.","0","ai","1"
"Привет! ЛОТЕРЕЯ!!! Отправьте банковские данные для получения приза прямо сейчас!!!","1","human","0"
"Ваш заказ №4412 готов к выдаче в пункте самовывоза.","0","human","0"
"Ты не поверишь, я нашёл способ заработать миллион за неделю! Пииш!!!","1","human","0"
"WINNER!!! You have been selected! Reply with SSN to claim prize NOW!!! ;)","1","human","0"
"Приветик, Ты не поверишь, я нашёл способ заработать миллион за неделю! Пиши!!!","1","human","0"
"Обращаем ваше внимание, что здравствуйте, уважаемый клиент! Будем рады ответить на ваши вопросы.","0","ai","1"
"Хочешь заработать 5000$ в день работая из дома? Пиши в личку прямо сейчас!!!!!","1","human","0"
"СРОЧНО!!! Вы выигарли 1 000 000 долларов! Нажмите http://lucky-winner.xyz чтобы получить приз немедленно!!!","1","human","0"
"СРОЧНО!!! Вы выиграли 1 000 000 долларво! Нажмите http://lucky-winner.xyz чтобы получить приз немедленно!!!","1","human","0"
"Приветик, Срочно!!! Ваша посылка задержана на таможне. Оплати сбор по ссылке!!!","1","human","0"
"Привет! ВЫ ВЫИГРАЛИ В ЛОТЕРЕЮ! Отправьте нам ваши банковские данные для получения приза.","1","human","0"
"Хочешь заработать 5000$ в день работая из дома? Пиши в личку прмяо сейчас!!!","1","human","0"
"Дорогой друг, ваш профиль выбран для участия в программе лояльности с бонусами до 50%.","0","ai","1"
"Ваш заказ №4412 готов к выдаче в пункте самовывоза!!!!!","0","human","0"
"Привет! Давай встреитмся завтра в 15:00 в кафе на Ленина.","0","human","0"
"Buy cheap meds online no prescription needed!!! Best prices guaranteed!!!!!","1","human","0"
"Информируем вас о том, что ваш платёж был отклонён. Обновите платёжные данные, чтобы продолжить использование сервиса. С уважением, служба поддержки.","1","ai","1"
"СРОЧНО!!! Вы выиграли 1 000 000 долларов! Нажмите http://lucky-winner.xyz чтобы получить приз немедленно!!","1","human","0"
"Эй, ВЫ ВЫИГРАЛИ В ЛОТЕРЕЮ! Отправьте нам ваши банковские данные для получения приза.","1","human","0"
"Ок, тогда созвонимся полсе обеда и обсудим баг с логином.","0","human","0"
"Здарова, завтра тренировка в 19, ты идёшь?","0","human","0"
"Настоящим сообщаем, что thank you for contacting support. Your ticket # thr5521 has been received and is under review.","0","ai","1"
"WINNER!!! You have been selected! Reply with SSN to claim prize NOW!!! :)","1","human","0"
"Информируем вас о том, что здравствуйте, уважаемый клиент! Будем рады ответить на ваши вопросы.","0","ai","1"
"WINNER!!! You have been selected! Reply with SSN to claim prize NOW!!!!!","1","human","0"
"Эй, ты видел новое сообщение в чате? Там правка по ТЗ!!!!!","0","human","0"
"Привет! Давай встретимся завтра в 15:00 в кафе на Ленина!!","0","human","0"
"Ок, тогда созвонимся после обеда и обсудим баг с логином!!!","0","human","0"
"Перешли пожалуйста инвойс за август, бухгалтерия порсит.","0","human","0"
"Сикнь отчёт за прошлый месяц, не могу найти его в почте :)","0","human","0"
"WINNER!!! You have been selected! Reply with SSN to claim pirze NOW!!!","1","human","0"
"СРОЧНО!!! Вы выиграли 1 000 000 долларов! Нажмите http://lucky-winner.xyz чтобы получить приз немедленно!!!","1","human","0"
"We regret to inform you that your payment could not be processed. Kindly re-enter card details. Пожалуйста, не отвечайте на данное письмо.","1","ai","1"
"Thank you for contacting support. Your ticket # thr5521 has been received and is under review.","0","ai","1"
"Уважаемый пользователь, настоящим сообщаем, что ваш заказ успешно оформлен и передан в доставку. Ожидайте уведомление.","0","ai","1"
"Уважаемый пользователь, thank you for contacting support. Your ticket # thr5521 has been received and is under review.","0","ai","1"
"Hey, can you send me the slides from yesterday's meeting? I lost the email!!","0","human","0"
"Ты не поверишь, я нашёл способ заработать миллион за неделю! Пиши!!!","1","human","0"
"Настоящим сообщаем, что благодарим за обращение. Направляем вам отчёт за прошедший период во вложении к данному письму.","0","ai","1"
"Your monthly statement is ready. Please find the PDF attached for your records. Благодарим за понимание.","0","ai","1"
"Скинь отчёт за прошлый месяц, не могу найти его в почте :)","0","human","0"
"Уважаемый клиент, настоящим сообщаем, что ваш аккаунт будет заблокирован в течение 24 часов. Пожалуйста, подтвердите данные по ссылке. Будем рады ответить на ваши вопросы.","1","ai","1"
"Здравствуйте, уважаемый клиент! Будем рады ответить на ваши вопросы. Благодарим за понимание.","0","ai","1"
"Доводим до вашего сведения, что настоящим уведомляем о необходимости подтверждения email в течение 12 часов.","1","ai","1"
"Здравствуйте, уважаемый клиент! dear customer, we hereby inform you that your account requires immediate verification to avoid suspension.","1","ai","1"
"Добрый день! Hey, can you send me the slides from yesterday's meeting? I lost the email.","0","human","0"
"Please do not reply to this automated message. Contact support if assistance is required.","0","ai","1"
"Приветик, скинь пожалуйста адрес доставки ещё раз. :)","0","human","0"
"Уважаемый клиент, информируем, что профиль выбран для участия в программе лояльности с бонусами до 50%.","0","ai","1"
"Ок, тогда созвонимся после обеда и обсудим баг с логином!!","0","human","0"
"Добрый день! Пересылаю скан чека, если нужно — скажи. :)","0","human","0"
"Hey, can you send me the slides from yesterday's meteing? I lost the email.","0","human","0"
"Добрый день! Lunch at 1? I'm near the office cafe if that works.","0","human","0"
"Здравствуйте! Ваш запрос зарегистрирован под номером 48291. С уважением, служба поддержки. Пожалуйста, не отвечайте на данное письмо.","0","ai","1"
"WINNER!!! You have been selected! Rpely with SSN to claim prize NOW!!!","1","human","0"
"Дорогой друг, please do not reply to this automated message. Contact support if assistance is required.","0","ai","1"
"СРОЧНО!!! Вы выиграли 1 000 000 долларов! Нажмите http://lucky-winner.xyz чтобы получить приз немедленно!!!!!","1","human","0"
"Скинь отчёт за прошлый месяц, не могу найти его в почте :) )))","0","human","0"
"Купите Виагру со скидкой 90% без рецепта. Доставка за 24 часа. Заходите на сайт!!!","1","human","0"
"Отправляю акт по договору №1842, проверь и подипши пожалуйста.","0","human","0"
"Привет! Давай встретимся зватра в 15:00 в кафе на Ленина.","0","human","0"
"Обращаем ваше внимание, что мы заметили подозрительную активность. Авторизуйтесь для подтверждения личности. С уважением, команда Маркет.","1","ai","1"
"Buy cehap meds online no prescription needed!!! Best prices guaranteed!!!","1","human","0"
"Добрый день! ЛОТЕРЕЯ!!! Отправьте банковские данные для получения приза прямо сейчас!!!","1","human","0"
"Эй, Отправляю акт по договору №90427, проверь и подпиши пожалуйста.","0","human","0"
"Уважаемый абонент, thank you for contacting support. Your ticket # thr5521 has been received and is under review.","0","ai","1"
"Настоящим сообщаем, что ваш заказ успешно оформлен и передан в доставку. Ожидайте уведомление. Пожалуйста, не отвечайте на данное письмо.","0","ai","1"
"Добрый день! Приветик, скинь пожалуйста адрес доставки ещё раз.","0","human","0"
"Настоящим уведомляем о необходимости подтверждения email в течение 12 часов.","1","ai","1"
"Приветик, Мама, позвони как сможешь.","0","human","0"
"Информируем, что профиль выбран для участия в программе лояльности с бонусами до 50%. С уважением, служба поддержки.","0","ai","1"
"С уважением сообщаем, что доступ к личному кабинету восстановлен. Рекомендуем сменить пароль. Благодарим за понимание.","0","ai","1"
"Дорогой друг, доводим до вашего сведения, что для получения выигрыша необходимо подтвердить личность, перейдя по указанной ссылке.","1","ai","1"
"We kindly request that you update your billing information to continue uninterrupted service. Будем рады ответить на ваши вопросы.","1","ai","1"
"ЛОТЕРЯЕ!!! Отправьте банковские данные для получения приза прямо сейчас!!!","1","human","0"
"Дорогой друг, настоящим сообщаем о необходимости срочной верификации аккаунта.","1","ai","1"
"Информируем вас о том, что dear user, your session will expire. Authenticate promptly to retain access privileges.","1","ai","1"
"Здравствуйте! мы заметили подозрительную активность. Авторизуйтесь для подтверждения личности.","1","ai","1"
"Обращаем ваше внимание, что мы заметили подозрительную активность. Авторизуйтесь для подтверждения личности. Пожалуйста, не отвечайте на данное письмо.","1","ai","1"
"Обращаем ваше внимание, что we kindly request that you update your billing information to continue uninterrupted service.","1","ai","1"
"Доводим до вашего сведения, что информируем вас о том, что ваш платёж был отклонён. Обновите платёжные данные, чтобы продолжить использование сервиса.","1","ai","1"
"Уважаемый клиент! Ваш билет подтверждён, однако требуется регистрация в течение 24 часов. С уважением, служба поддержки.","1","ai","1"
"Lunch at 1? I'm near the office cafe if that works.","0","human","0"
"Добрый день! Пересылаю скан чкеа, если нужно — скажи.","0","human","0"
"Добрый день! URGENT!!! CLICK NOW to claim your FREE iPhone before midnight!!!! http://free-iphone.biz","1","human","0"
"Дорогой друг, мы заметили подозрительную активность. Авторизуйтесь для подтверждения личности.","1","ai","1"
"Уважаемый пользователь, дорогой друг, настоящим сообщаем о необходимости срочной верификации аккаунта.","1","ai","1"
"СРОЧНО!!! Вы выиграли 1 000 000 долларов! Нажмите http://lucky-winner.xyz чотбы получить приз немедленно!!!","1","human","0"
"Эй, Купите Виагру со скидкой 90% без рецепта. Доставка за 24 часа.","1","human","0"
"Информируем вас о том, что ваш платёж был отклонён. Обновите платёжные данные, чтобы продолжить использование сервиса. Пожалуйста, не отвечайте на данное письмо.","1","ai","1"
"Приветик, Кредит без справок и поручителей за 5 минут, заходит на сайт","1","human","0"
"Здарова, Эй, ты видел новое сообщение в чате? Там правка по ТЗ.","0","human","0"
"Настоящим сообщаем, что ваш заказ успешно оформлен и передан в доставку. Ожидайте уведомление. С уважением, служба поддержки.","0","ai","1"
"Dear user, your session will expire. Authenticate promptly to retain access privileges. С уважением, служба поддержки.","1","ai","1"
"Настоящим уведомляем о необходимости подтверждения email в течение 12 часов. С уважением, служба поддержки.","1","ai","1"
"Мама, позвони как сможешь, я буду дома после шесит.","0","human","0"
"We kindly request that you update your billing information to continue uninterrupted service. С уважением, команда Маркет.","1","ai","1"
"ЛОТЕРЕЯ!!! Отправьте банковские данные для получения прзиа прямо сейчас!!!","1","human","0"
"Здарова, Хочешь заработать 5000$ в день работая из дома? Пиши в личку!","1","human","0"
"Перешли пожалуйста инвойс за август, бухгалтерия просит. )))","0","human","0"
"Уважаемый пользователь, уважаемый клиент! Ваш билет подтверждён, однако требуется регистрация в течение 24 часов.","1","ai","1"
"Здарова, завтра тренировка в 19, ты идёшь? :)","0","human","0"
"Buy cheap meds online no prescription needed!!! Best prices guaranteed!!!","1","human","0"
"СРОЧНО!!! Вы выиргали 1 000 000 долларов! Нажмите http://lucky-winner.xyz чтобы получить приз немедленно!!!","1","human","0"
"Информируем вас о том, что уважаемый пользователь, ваша подписка истекает через 7 дней. Пожалуйста, продлите её для сохранения доступа.","0","ai","1"
"Мама, позвони как сможешь, я буду дома после шести.","0","human","0"
"Ок, тогда созвонимся после обеда и обсуидм баг с логином.","0","human","0"
"Привет! Давай встретимся завтра в 15:00 в кафе на Ленина!!!!!","0","human","0"
"Дорогой друг, с уважением сообщаем, что доступ к личному кабинету восстановлен. Рекомендуем сменить пароль.","0","ai","1"
"Не забудь взять ноутбук с презентаицей на созвон в понедельник.","0","human","0"
"Информируем, что профиль выбран для участия в программе лояльности с бонусами до 50%. Пожалуйста, не отвечайте на данное письмо.","0","ai","1"
"Уважаемый абонент, уважаемый абонент, запись на приём подтверждена. Дата визита: 14 числа текущего месяца.","0","ai","1"
"Ок, тогда созвонимся после оебда и обсудим баг с логином.","0","human","0"
"Скинь отчёт за прошлый месяц, не могу найти его в почте :) :)","0","human","0"
"Уважаемый абонент, запись на приём подтверждена. Дата визита: 12 числа текущего месяца.","0","ai","1"
"Уважаемый клиент, настоящим уведомляем о необходимости подтверждения email в течение 12 часов.","1","ai","1"
"Уважаемый пользователь, ваша подписка истекает через 7 дней. Пожалуйста, продлите её для сохранения доступа. С уважением, команда Магазин.","0","ai","1"
"Эй, Скинь отчёт за прошлый месяц, не могу найти его в почте.","0","human","0"
"Уважаемый абонент, your monthly statement is ready. Please find the PDF attached for your records.","0","ai","1"
"Добрый день! Заказ №9021 отправлен, ждите доставку 2-3 дня.","0","human","0"
"Скинь отчёт за прошлый месяц, не могу натйи его в почте :)","0","human","0"
"Здравствуйте! Ваш запрос зарегистрирован под номером 48291. С уважением, служба поддержки. Благодарим за понимание.","0","ai","1"
"Здарова, завтра тренировка в 19, ты идёшь? )))","0","human","0"
"Настоящим уведомляем о необходимости подтверждения email в течение 12 часов. Благодарим за понимание.","1","ai","1"
"Дорогой друг, уважаемый абонент, запись на приём подтверждена. Дата визита: 14 числа текущего месяца.","0","ai","1"
"Отправляю акт по договору №1842, проверь и подпиши пожалуйста.","0","human","0"
"Buy cheap meds online no prescription needed!!! Best prcies guaranteed!!!","1","human","0"
"Доводим до вашего сведения, что для получения выигрыша необходимо подтвердить личность, перейдя по указанной ссылке. С уважением, служба поддержки.","1","ai","1"
"Эй, Ок, тогда созвонимся после обеда и обсудим баг с логином.","0","human","0"
"Заказ №9021 отправлен, ждите доставку 2-3 дня!!!!!","0","human","0"
"ЛОТЕРЕЯ!!! Отправьте банковские данные для получения приза прямо сейчас!!! ;)","1","human","0"
"URGENT!!! CLICK NOW to claim your FREE iPhone before midnight!!!! http://free-iphone.biz )))","1","human","0"
"Приветик, ВЫ ВЫИГРАЛИ В ЛОТЕРЕЮ! Отправьте нам ваши банковские данные для получения приза.","1","human","0"
"Благодарим за обращение. Направляем вам отчёт за прошедший период во вложении к данному письму. Благодарим за понимание.","0","ai","1"
"Эй, Отправляю акт по договору №20554, проверь и подпиши пожалуйста.","0","human","0"
"Уважаемый пользователь, your monthly statement is ready. Please find the PDF attached for your records.","0","ai","1"
"Эй, ты видел новое сообщение в чате? Там правка по ТЗ!!","0","human","0"
"Срочно!!! Ваша посылка задержана на таможне. Оплати сбор по ссылке!!!","1","human","0"
"Скинь отчёт за прошлый месяц, не могу найти его в почте :)!!!","0","human","0"
"Здарова, Скинь отчёт за прошлый месяц, не могу найти его в почте.","0","human","0"
"Задрова, завтра тренировка в 19, ты идёшь?","0","human","0"
"Здравствуйте! ваш аккаунт будет заблокирован в течение 3 часов. Подтвердите данные по ссылке ниже.","1","ai","1"
"Здравствуйте! доводим до вашего сведения, что для получения выигрыша необходимо подтвердить личность, перейдя по указанной ссылке.","1","ai","1"
"Информируем вас о том, что ваш платёж был отклонён. Обновите платёжные данные, чтобы продолжить использование сервиса.","1","ai","1"
"Настоящим сообщаем, что we kindly request that you update your billing information to continue uninterrupted service.","1","ai","1"
"Здарова, Заказ №51231 отправлен, ждите доставку 2-3 дня.","0","human","0"
"Перешли пожалуйста инвойс за август, бухгалтерия просит.","0","human","0"
"Здарова, Здарова, завтра тренировка в 19, ты идёшь?","0","human","0"
"Уважаемый пользователь, для получения выигрыша необходимо подтвердить личность, перейдя по указанной ссылке.","1","ai","1"
"Доводим до вашего сведения, что dear customer, we hereby inform you that your account requires immediate verification to avoid suspension.","1","ai","1"
"Здравствуйте! Ваш запрос зарегистрирован под номером 48291. С уважением, служба поддержки. Будем рады ответить на ваши вопросы.","0","ai","1"
"Добрый день! Пересылаю скан чека, если нужно — скаиж.","0","human","0"
"Уважаемый пользователь, информируем, что профиль выбран для участия в программе лояльности с бонусами до 50%.","0","ai","1"
"Эй, Кредит без справок и поручителей за 5 минут, заходи на сайт прямо сейчас","1","human","0"
"Приветик, скинь пожалуйста адрес доставки ещё раз!!","0","human","0"
"Мама, позвони как сможешь, я буду дома после шести!!!!!","0","human","0"
"Приветик, скинь пожалуйста адрес доставки ещё раз!!!!!","0","human","0"
"Dear user, your session will expire. Authenticate promptly to retain access privileges. С уважением, команда Банк.","1","ai","1"
"Hey, can you send me the slides from yesterday's meeting? I lost the email.","0","human","0"
"Здравствуйте, уважаемый клиент. Будем рады ответить на ваши вопросы.","0","ai","1"
"Отправляю акт по договору №1842, проверь и подпиши пожалуйста. )))","0","human","0"
"Не забудь взтяь ноутбук с презентацией на созвон в понедельник.","0","human","0"
"Уважаемый абонент, запись на приём подтверждена. Дата визита: 14 числа текущего месяца. Благодарим за понимание.","0","ai","1"
"Доводим до вашего сведения, что здравствуйте! Ваш запрос зарегистрирован под номером 48291. С уважением, служба поддержки.","0","ai","1"
"Зкааз №9021 отправлен, ждите доставку 2-3 дня.","0","human","0"
"Уважаемый клиент! Ваш билет подтверждён, однако требуется регистрация в течение 24 часов. С уважением, команда Сервис.","1","ai","1"
"Информируем вас о том, что thank you for contacting support. Your ticket # thr5521 has been received and is under review.","0","ai","1"
"Не забудь взять ноутбук с презентацией на созвон в пноедельник.","0","human","0"
"Приветик, Добрый день! Пересылаю скан чека, если нужно — скажи.","0","human","0"
"Приветик, Lunch at 1? I'm near the office cafe if that works.","0","human","0"
"Благодарим за обращение. Направляем вам отчёт за прошедший период во вложении к данному письму. С уважением, команда Онлайн.","0","ai","1"
"Эй, Hey, can you send me the slides from yesterday's meeting? I lost the email.","0","human","0"
"Здарова, Не забудь взять ноутбук с презентацией на созвон в понедельник.","0","human","0"
"Доводим до вашего сведения, что please be advised that unusual login activity was detected. Confirm your identity via the secure link below.","1","ai","1"
"Информируем вас о том, что уважаемый абонент, запись на приём подтверждена. Дата визита: 14 числа текущего месяца.","0","ai","1"
"Приветик, Давай встретимся завтра в 15:00 в кафе на Ленина.","0","human","0"
"С уважением сообщаем, что доступ к личному кабинету восстановлен. Рекомендуем сменить пароль. Пожалуйста, не отвечайте на данное письмо.","0","ai","1"
"Please do not reply to this automated message. Contact support if assistance is required. Благодарим за понимание.","0","ai","1"
"Dear customer, we hereby inform you that your account requires immediate verification to avoid suspension. Благодарим за понимание.","1","ai","1"
"Здравствуйте! уважаемый клиент, настоящим сообщаем, что ваш аккаунт будет заблокирован в течение 24 часов. Пожалуйста, подтвердите данные по ссылке.","1","ai","1"
"Обращаем ваше внимание, что we regret to inform you that your payment could not be processed. Kindly re-enter card details.","1","ai","1"
"Здравствуйте! Ваш запрос зарегистрирован под номером 48291. С уважением, служба поддержки. С уважением, команда Онлайн.","0","ai","1"
"Информируем вас о том, что доводим до вашего сведения, что для получения выигрыша необходимо подтвердить личность, перейдя по указанной ссылке.","1","ai","1"
"Привет! Срочно!!! Ваша посылка задержана на таможне. Оплати сбор по ссылке!!!","1","human","0"
"Dear customer, we hereby inform you that your account requires immediate verification to avoid suspension.","1","ai","1"
"Здарова, СРОЧНО!!! Вы выиграли 1 000 000 долларов! Нажмите http://lucky-winner.xyz чтобы получить приз немедленно!!!","1","human","0"
"Обращаем ваше внимание, что your subscription renewal is scheduled in 14 days. Please review the updated terms at your convenience.","0","ai","1"
"Привет! Здарова, завтра тренировка в 19, ты идёшь?","0","human","0"
"Доводим до вашего сведения, что настоящим сообщаем, что ваш заказ успешно оформлен и передан в доставку. Ожидайте уведомление.","0","ai","1"
"Ваш заказ №4412 готов к выдаче в пункте самовывоза. )))","0","human","0"
"Настоящим сообщаем, что your monthly statement is ready. Please find the PDF attached for your records.","0","ai","1"
"Ваш заказ №4412 готов к выдаче в пункте самовывоза!!!","0","human","0"
"Дорогой друг, ваша подписка истекает через 14 дней. Пожалуйста, продлите её для сохранения доступа.","0","ai","1"
"Dear user, your session will expire. Authenticate promptly to retain access privileges. Пожалуйста, не отвечайте на данное письмо.","1","ai","1"
"Настоящим сообщаем, что доводим до вашего сведения, что для получения выигрыша необходимо подтвердить личность, перейдя по указанной ссылке.","1","ai","1"
"Информируем вас о том, что we regret to inform you that your payment could not be processed. Kindly re-enter card details.","1","ai","1"
"Привет! Ты не поверишь, я нашёл способ заработать миллион за неделю!","1","human","0"
"Привет! Скинь отчёт за прошлый месяц, не могу найти его в почте.","0","human","0"
"Уважаемый абонент, запись на приём подтверждена. Дата визита: 14 числа текущего месяца. С уважением, команда Сервис.","0","ai","1"
"Доводим до вашего сведения, что с уважением сообщаем, что доступ к личному кабинету восстановлен. Рекомендуем сменить пароль.","0","ai","1"
"Доводим до вашего сведения, что thank you for contacting support. Your ticket # thr5521 has been received and is under review.","0","ai","1"
"Здравствуйте, уважаемый клиент! с уважением сообщаем, что доступ к личному кабинету восстановлен. Рекомендуем сменить пароль.","0","ai","1"
"Your subscription renewal is scheduled in 14 days. Please review the updated terms at your convenience. Будем рады ответить на ваши вопросы.","0","ai","1"
"Уважаемый пользователь, ваша подписка истекает через 7 дней. Пожалуйста, продлите её для сохранения доступа. Пожалуйста, не отвечайте на данное письмо.","0","ai","1"
"Эй, Ваш заказ №4412 готов к выдаче в пункте самовывоза.","0","human","0"
"Уважаемый клиент, настоящим сообщаем, что ваш аккаунт будет заблокирован в течение 24 часов. Пожалуйста, подтвердите данные по ссылке. Пожалуйста, не отвечайте на данное письмо.","1","ai","1"
"Здарова, Hey, can you send me the slides from yesterday's meeting? I lost the email.","0","human","0"
"Please do not reply to this automated message. Contact support if assistance is required. Пожалуйста, не отвечайте на данное письмо.","0","ai","1"
"Доводим до вашего сведения, что для получения выигрыша необходимо подтвердить личность, перейдя по указанной ссылке.","1","ai","1"
"Информируем вас о том, что информируем вас о том, что ваш платёж был отклонён. Обновите платёжные данные, чтобы продолжить использование сервиса.","1","ai","1"
"СОРЧНО!!! Вы выиграли 1 000 000 долларов! Нажмите http://lucky-winner.xyz чтобы получить приз немедленно!!!","1","human","0"
"Уважаемый клиент, ваша подписка истекает через 24 дней. Пожалуйста, продлите её для сохранения доступа.","0","ai","1"
"Добрый день! Пересылаю скан чека, если нужно — скажи!!!!!","0","human","0"
"Здравствуйте! информируем вас о том, что ваш платёж был отклонён. Обновите платёжные данные, чтобы продолжить использование сервиса.","1","ai","1"
"Thank you for contacting support. Your ticket # thr5521 has been received and is under review. С уважением, служба поддержки.","0","ai","1"
"Dear customer, we hereby inform you that your account requires immediate verification to avoid suspension. Будем рады ответить на ваши вопросы.","1","ai","1"
"Hey, can you send me the slides from yesterday's meeting? I lost the email. :)","0","human","0"
"Настоящим сообщаем, что обращаем ваше внимание, что мы заметили подозрительную активность. Авторизуйтесь для подтверждения личности.","1","ai","1"
"Здравствуйте! Ваш запрос зарегистрирован под номером 48291. С уважением, служба поддержки. С уважением, команда Маркет.","0","ai","1"
"Уважаемый пользователь, с уважением сообщаем, что доступ к личному кабинету восстановлен. Рекомендуем сменить пароль.","0","ai","1"
"Настоящим сообщаем, что информируем вас о том, что ваш платёж был отклонён. Обновите платёжные данные, чтобы продолжить использование сервиса.","1","ai","1"
"Уважаемый клиент, ваш аккаунт будет заблокирован в течение 12 часов. Подтвердите данные по ссылке ниже.","1","ai","1"
"Приветик, Здарова, завтра тренировка в 19, ты идёшь?","0","human","0"
"Уважаемый пользователь, уважаемый клиент, настоящим сообщаем, что ваш аккаунт будет заблокирован в течение 24 часов. Пожалуйста, подтвердите данные по ссылке.","1","ai","1"
"Здравствуйте! ваш заказ успешно оформлен и передан в доставку. Ожидайте уведомление.","0","ai","1"
"Здравствуйте, уважаемый клиент! ваша подписка истекает через 7 дней. Пожалуйста, продлите её для сохранения доступа.","0","ai","1"
"Your monthly statement is ready. Please find the PDF attached for your records. Будем рады ответить на ваши вопросы.","0","ai","1"
"Привет! Заказ №9021 отправлен, ждите доставку 2-3 дня.","0","human","0"
"Уважаемый пользователь, доводим до вашего сведения, что для получения выигрыша необходимо подтвердить личность, перейдя по указанной ссылке.","1","ai","1"
"Уважаемый пользователь, ваша подписка истекает через 7 дней. Пожалуйста, продлите её для сохранения доступа. С уважением, команда Онлайн.","0","ai","1"
"Благодарим за обращение. Направляем вам отчёт за прошедший период во вложении к данному письму.","0","ai","1"
"Уважаемый пользователь, ваша подписка истекает через 7 дней. Пожалуйста, продлите её для сохранения доступа. Будем рады ответить на ваши вопросы.","0","ai","1"
"Уважаемый абонент, дорогой друг, настоящим сообщаем о необходимости срочной верификации аккаунта.","1","ai","1"
"Благодарим за обращение. Направляем вам отчёт за прошедший период во вложении к данному письму. С уважением, команда Сервис.","0","ai","1"
"Ваш заказ №4412 готов к выдаче в пункте самовывоза. ;)","0","human","0"
"Настоящим сообщаем, что уважаемый пользователь, ваша подписка истекает через 7 дней. Пожалуйста, продлите её для сохранения доступа.","0","ai","1"
"Уважаемый клиент. Ваш билет подтверждён, однако требуется регистрация в течение 24 часов.","1","ai","1"
"Дорогой друг, уважаемый пользователь, ваша подписка истекает через 7 дней. Пожалуйста, продлите её для сохранения доступа.","0","ai","1"
"Ок, тогда созвонимся после обеда и обсудим баг с логином!!!!!","0","human","0"
"Уважаемый пользователь, ваша подписка истекает через 7 дней. Пожалуйста, продлите её для сохранения доступа.","0","ai","1"
"Уважаемый пользователь, ваш билет подтверждён, однако требуется регистрация в течение 12 часов.","1","ai","1"
"Обращаем ваше внимание, что обращаем ваше внимание, что мы заметили подозрительную активность. Авторизуйтесь для подтверждения личности.","1","ai","1"
"Кредит без справок и поруичтелей за 5 минут, заходи на сайт прямо сейчас","1","human","0"
"Настоящим сообщаем, что уважаемый клиент! Ваш билет подтверждён, однако требуется регистрация в течение 24 часов.","1","ai","1"
"Уважаемый пользователь, направляем вам отчёт за прошедший период во вложении к данному письму.","0","ai","1"
"Не забудь взять ноутбук с презентацией на созвон в понедельник.","0","human","0"
"Дорогой друг, ваш аккаунт будет заблокирован в течение 14 часов. Подтвердите данные по ссылке ниже.","1","ai","1"
"Информируем вас о том, что dear customer, we hereby inform you that your account requires immediate verification to avoid suspension.","1","ai","1"
"Здравствуйте, уважаемый клиент! thank you for contacting support. Your ticket # thr5521 has been received and is under review.","0","ai","1"
"Эй, ты видел новое сообщение в чате? Там правка по ТЗ.","0","human","0"
"Уважаемый пользователь, уважаемый пользователь, ваша подписка истекает через 7 дней. Пожалуйста, продлите её для сохранения доступа.","0","ai","1"
"Ваш заказ №4412 готов к выдаче в пункте самовывзоа.","0","human","0"
"Здравствуйте, уважаемый клиент! для получения выигрыша необходимо подтвердить личность, перейдя по указанной ссылке.","1","ai","1"
"Кредит без справок и поручителей за 5 минту, заходи на сайт прямо сейчас","1","human","0"
"Не забудь взять ноутбук с презентацией на созвон в понедельник. ;)","0","human","0"
"Добрый день! Пересылаю скан чека, если нужно — скажи!!","0","human","0"
"Информируем вас о том, что уважаемый клиент, настоящим сообщаем, что ваш аккаунт будет заблокирован в течение 24 часов. Пожалуйста, подтвердите данные по ссылке.","1","ai","1"
"Дорогой друг, ваш платёж был отклонён. Обновите платёжные данные, чтобы продолжить использование.","1","ai","1"
"Приветик, Купите Виагру со скидкой 90% без рецепта. Доставка за 24 часа.","1","human","0"
"Доводим до вашего сведения, что dear user, your session will expire. Authenticate promptly to retain access privileges.","1","ai","1"
"Здравствуйте, уважаемый клиент! Будем рады ответить на ваши вопросы. С уважением, команда Сервис.","0","ai","1"
"Добрый день! Пересылаю скан чека, если нужно — скажи.","0","human","0"
"Здарова, Мама, позвони как сможешь, я буду дома после шести.","0","human","0"
"Информируем вас о том, что здравствуйте! Ваш запрос зарегистрирован под номером 48291. С уважением, служба поддержки.","0","ai","1"
"Your monthly statement is ready. Please find the PDF attached for your records.","0","ai","1"
"Приветик, скинь пожалуйста адрес доставки ещё раз.","0","human","0"
"Уважаемый пользователь, ваш билет подтверждён, однако требуется регистрация в течение 24 часов.","1","ai","1"
"Информируем вас о том, что we kindly request that you update your billing information to continue uninterrupted service.","1","ai","1"
"Обращаем ваше внимание, что уважаемый клиент! Ваш билет подтверждён, однако требуется регистрация в течение 24 часов.","1","ai","1"
"Please be advised that unusual login activity was detected. Confirm your identity via the secure link below. С уважением, служба поддержки.","1","ai","1"
"Привет! WINNER!!! You have been selected! Reply with SSN to claim prize NOW!!!","1","human","0"
"Здравствуйте! dear customer, we hereby inform you that your account requires immediate verification to avoid suspension.","1","ai","1"
"Приветик, Ок, тогда созвонимся после обеда и обсудим баг с логином.","0","human","0"
"Дорогой друг, ваш запрос зарегистрирован под номером 13786.","0","ai","1"
"Your subscription renewal is scheduled in 14 days. Please review the updated terms at your convenience. Пожалуйста, не отвечайте на данное письмо.","0","ai","1"
"We kindly request that you update your billing information to continue uninterrupted service. Пожалуйста, не отвечайте на данное письмо.","1","ai","1"
"Здарова, Кредит без справок и поручителей за 5 минут, заходит на сайт","1","human","0"
"С уважением сообщаем, что доступ к личному кабинету восстановлен. Рекомендуем сменить пароль.","0","ai","1"
"Здарова, Давай встретимся завтра в 15:00 в кафе на Ленина.","0","human","0"
"Информируем вас о том, что благодарим за обращение. Направляем вам отчёт за прошедший период во вложении к данному письму.","0","ai","1"
"Эй, Здарова, завтра тренировка в 19, ты идёшь?","0","human","0"
"Обращаем ваше внимание, что настоящим сообщаем, что ваш заказ успешно оформлен и передан в доставку. Ожидайте уведомление.","0","ai","1"
"Обращаем ваше внимание, что благодарим за обращение. Направляем вам отчёт за прошедший период во вложении к данному письму.","0","ai","1"
"Здравствуйте! Ваш запрос зарегистрирован под номером 48291. С уважением, служба поддержки. С уважением, служба поддержки.","0","ai","1"
"Дорогой друг, настоящим сообщаем о необходимости срочной верификации аккаунта. Благодарим за понимание.","1","ai","1"
"Привет! Давай встретимся завтра в 150:0 в кафе на Ленина.","0","human","0"
"Мама, позовни как сможешь, я буду дома после шести.","0","human","0"
"Здарова, завтра тренировка в 19, ты идёшь?!!!!!","0","human","0"
"Пирветик, скинь пожалуйста адрес доставки ещё раз.","0","human","0"
"Уважаемый абонент, ваш аккаунт будет заблокирован в течение 3 часов. Подтвердите данные по ссылке ниже.","1","ai","1"
"Хоечшь заработать 5000$ в день работая из дома? Пиши в личку прямо сейчас!!!","1","human","0"
"Настоящим сообщаем, что dear user, your session will expire. Authenticate promptly to retain access privileges.","1","ai","1"
"Уважаемый пользователь, ваша подписка истекает через 7 дней. Пожалуйста, продлите её для сохранения доступа. Благодарим за понимание.","0","ai","1"
"Привет! Кредит без справок и поручителей за 5 минут, заходит на сайт","1","human","0"
"Настоящим сообщаем, что ваш заказ успешно оформлен и передан в доставку. Ожидайте уведомление.","0","ai","1"
"Your monthly statement is ready. Please find the PDF attached for your records. С уважением, команда Маркет.","0","ai","1"
"Приветик, Не забудь взять ноутбук с презентацией на созвон в понедельник.","0","human","0"
"Уважаемый абонент, ваш заказ успешно оформлен и передан в доставку. Ожидайте уведомление.","0","ai","1"
"Please be advised that unusual login activity was detected. Confirm your identity via the secure link below. Будем рады ответить на ваши вопросы.","1","ai","1"
"Здравствуйте, уважаемый клиент! здравствуйте! Ваш запрос зарегистрирован под номером 48291. С уважением, служба поддержки.","0","ai","1"
"Не забудь взять ноутбук с презентацией на созвон в понедельник!!!!!","0","human","0"
"Lunch at 1? I'm near the ofifce cafe if that works.","0","human","0"
"Информируем вас о том, что уважаемый клиент! Ваш билет подтверждён, однако требуется регистрация в течение 24 часов.","1","ai","1"
"Please do not reply to this automated message. Contact support if assistance is required. С уважением, служба поддержки.","0","ai","1"
"Купите Виагру со скидкой 90% без рецепта. Доставка за 24 часа. Заходите на сйат.","1","human","0"
"Кредит без справок и поручителей за 5 минут, зхаоди на сайт прямо сейчас","1","human","0"
"We regret to inform you that your payment could not be processed. Kindly re-enter card details. С уважением, служба поддержки.","1","ai","1"
"Lunch at 1? I'm near the office cafe if that works. )))","0","human","0"
"Здарова, WINNER!!! You have been selected! Reply with SSN to claim prize NOW!!!","1","human","0"
"WINNER!!! You have been selected! Reply with SSN to claim prize NOW!!! )))","1","human","0"
"Кредит без справок и поручителей за 5 минут, заходи на сайт прямо сейачс","1","human","0"
"Got it, thanks — I'll push the fix tonight.","0","human","0"
"Привет! Давай встретимся завтра в 15:00 в кафе на Ленина. :)","0","human","0"
"Please be advised that unusual login activity was detected. Confirm your identity via the secure link below. Благодарим за понимание.","1","ai","1"
"Здравствуйте, уважаемый клиент! мы обновили политику конфиденциальности. Ознакомьтесь с условиями по ссылке.","0","ai","1"
"Ты не поверишь, я наёшл способ заработать миллион за неделю! Пиши!!!","1","human","0"
"Your subscription renewal is scheduled in 14 days. Please review the updated terms at your convenience.","0","ai","1"
"Здравствуйте. Ваш запрос зарегистрирован под номером 48291. С уважением, служба поддержки.","0","ai","1"
"Привеитк, скинь пожалуйста адрес доставки ещё раз.","0","human","0"
"Уважаемый абонент, запись на приём подтверждена. Дата визита: 14 числа текущего месяца. Будем рады ответить на ваши вопросы.","0","ai","1"
"UGRENT!!! CLICK NOW to claim your FREE iPhone before midnight!!!! http://free-iphone.biz","1","human","0"
"Приветик, скинь пожалуйста адрес доставки ещё раз. ;)","0","human","0"
"С уважением сообщаем, что доступ к личному кабинету восстановлен. Рекомендуем сменить пароль. С уважением, команда Маркет.","0","ai","1"
"Настоящим сообщаем, что dear customer, we hereby inform you that your account requires immediate verification to avoid suspension.","1","ai","1"
"Здравствуйте, уважаемый клиент! доводим до вашего сведения, что для получения выигрыша необходимо подтвердить личность, перейдя по указанной ссылке.","1","ai","1"
"Здравствуйте, уважаемый клиент! Будем рады ответить на ваши вопросы.","0","ai","1"
"Добрый день! Buy cheap meds online no prescription needed!!! Best prices guaranteed!!!","1","human","0"
"Please be advised that unusual login activity was detected. Confirm your identity via the secure link below.","1","ai","1"
"Добрый день! Срочно!!! Ваша посылка задержана на таможне. Оплати сбор по ссылке!!!","1","human","0"
"Срончо!!! Ваша посылка задержана на таможне. Оплати сбор по ссылке!!!","1","human","0"
"Дорогой друг, информируем вас о том, что ваш платёж был отклонён. Обновите платёжные данные, чтобы продолжить использование сервиса.","1","ai","1"
"Уважаемый абонент, ваш аккаунт будет заблокирован в течение 72 часов. Подтвердите данные по ссылке ниже.","1","ai","1"
"Здравствуйте, уважаемый клиент! Будем рады ответить на ваши вопросы. Будем рады ответить на ваши вопросы.","0","ai","1"
"Ваш заказ №4412 готов к выдаче в пункте самовывоза!!","0","human","0"
"Добрый день! Отправляю акт по договору №46330, проверь и подпиши пожалуйста.","0","human","0"
"Мама, позвони как сможешь, я буду дома после шести. )))","0","human","0"
"Эй, Не забудь взять ноутбук с презентацией на созвон в понедельник.","0","human","0"
"Купите Виагру со скидкой 90% без рецепта. Доставка за 24 часа. Заходите на сайт. :)","1","human","0"
"Дорогой друг, настоящим сообщаем о необходимости срочной верификации аккаунта. С уважением, служба поддержки.","1","ai","1"
"Здравствуйте! настоящим сообщаем, что ваш заказ успешно оформлен и передан в доставку. Ожидайте уведомление.","0","ai","1"
"Не забудь взять ноутбук с презентацией на созвон в понедлеьник.","0","human","0"
"Обращаем ваше внимание, что уважаемый пользователь, ваша подписка истекает через 7 дней. Пожалуйста, продлите её для сохранения доступа.","0","ai","1"
"Уважаемый клиент! Ваш билет подтверждён, однако требуется регистрация в течение 24 часов.","1","ai","1"
"Настоящим сообщаем, что настоящим уведомляем о необходимости подтверждения email в течение 12 часов.","1","ai","1"
"Добрый день! Пересылаю скан чека, если нужно — скажи!!!","0","human","0"
"Привет! Давай встретимся завтра в 15:00 в кафе на Ленина.","0","human","0"
"Настоящим сообщаем, что ваш заказ успешно оформлен и передан в доставку. Ожидайте уведомление. Будем рады ответить на ваши вопросы.","0","ai","1"
"Уважаемый пользователь, здравствуйте! Ваш запрос зарегистрирован под номером 48291. С уважением, служба поддержки.","0","ai","1"
"Привет! Давай встретимся завтра в 15:00 в кафе на Ленниа.","0","human","0"
"Dear customer, we hereby inform you that your account requires immediate verification to avoid suspension. С уважением, служба поддержки.","1","ai","1"
"Дорогой друг, обращаем ваше внимание, что мы заметили подозрительную активность. Авторизуйтесь для подтверждения личности.","1","ai","1"
"Добрый день! Ты не поверишь, я нашёл способ заработать миллион за неделю! Пиши!!!","1","human","0"
"Привет! Got it, thanks — I'll push the fix tonight.","0","human","0"
"Уважаемый абонент, здравствуйте, уважаемый клиент! Будем рады ответить на ваши вопросы.","0","ai","1"
"Уважаемый абонент, dear customer, we hereby inform you that your account requires immediate verification to avoid suspension.","1","ai","1"
"Ок, тогда сзовонимся после обеда и обсудим баг с логином.","0","human","0"
"ЛОТЕРЕЯ!!! Отправьте банковские данные для получения приза прямо сейчас!!","1","human","0"
"Информируем, что профиль выбран для участия в программе лояльности с бонусами до 50%. С уважением, команда Маркет.","0","ai","1"
"Здравствуйте! уважаемый пользователь, ваша подписка истекает через 7 дней. Пожалуйста, продлите её для сохранения доступа.","0","ai","1"
"Перешли пожалуйста инвойс за август, бухгалтерия просит. :)","0","human","0"
"Здравствуйте! we kindly request that you update your billing information to continue uninterrupted service.","1","ai","1"
"СРОЧНО!!! Вы выиграли 1 000 000 долларов! Нажмите http://lucky-winner.xyz чтобы получить приз немедленно!!! :)","1","human","0"
"Информируем вас о том, что ваш платёж был отклонён. Обновите платёжные данные, чтобы продолжить использование сервиса. С уважением, команда Магазин.","1","ai","1"
"Добрый день! Здарова, завтра тренировка в 19, ты идёшь?","0","human","0"
"Перешли пожалуйста инвойс за авугст, бухгалтерия просит.","0","human","0"
"Не забудь взять ноутбук с презентацией на созвон в понедельник!!","0","human","0"
"WINNER!!! You have been selected! Reply with SSN to cliam prize NOW!!!","1","human","0"
"Уважаемый клиент, thank you for contacting support. Your ticket # thr5521 has been received and is under review.","0","ai","1"
"СРОЧНО!!! Вы выиграли 1 000 000 долларов! Нажмите http://lucky-winner.xyz чтобы получить приз немедленно!!! ;)","1","human","0"
"Здравствуйте, уважаемый клиент! Будем рады ответить на ваши вопросы. Пожалуйста, не отвечайте на данное письмо.","0","ai","1"
"Здравствуйте! your subscription renewal is scheduled in 14 days. Please review the updated terms at your convenience.","0","ai","1"
"Обращаем ваше внимание, что dear customer, we hereby inform you that your account requires immediate verification to avoid suspension.","1","ai","1"
"Кредит без справок и поручителей за 5 минут, заходи на сайт прямо сейчас!!!","1","human","0"
"Настоящим сообщаем, что уважаемый клиент, настоящим сообщаем, что ваш аккаунт будет заблокирован в течение 24 часов. Пожалуйста, подтвердите данные по ссылке.","1","ai","1"
"Здравствуйте, уважаемый клиент! информируем вас о том, что ваш платёж был отклонён. Обновите платёжные данные, чтобы продолжить использование сервиса.","1","ai","1"
"Эй, ты видел новое сообещние в чате? Там правка по ТЗ.","0","human","0"
"Уважаемый пользователь, please do not reply to this automated message. Contact support if assistance is required.","0","ai","1"
"Перешли пожалуйста инвойс за август, бухглатерия просит.","0","human","0"
"Доводим до вашего сведения, что your subscription renewal is scheduled in 14 days. Please review the updated terms at your convenience.","0","ai","1"
"Настоящим сообщаем, что your subscription renewal is scheduled in 14 days. Please review the updated terms at your convenience.","0","ai","1"
"Доводим до вашего сведения, что для получения выигрыша необходимо подтвердить личность, перейдя по указанной ссылке. Пожалуйста, не отвечайте на данное письмо.","1","ai","1"
"Привет! Хочешь заработать 5000$ в день работая из дома? Пиши в личку!","1","human","0"
"Обращаем ваше внимание, что thank you for contacting support. Your ticket # thr5521 has been received and is under review.","0","ai","1"
"Приветик, Приветик, скинь пожалуйста адрес доставки ещё раз.","0","human","0"
"Отправляю акт по договору №1842, проверь и подпиши пожалуйста. :)","0","human","0"
"Скинь отчёт за прошылй месяц, не могу найти его в почте :)","0","human","0"
"Хочешь заработать 5000$ в день работая из дома? Пиши в личку прямо сейчас!!!","1","human","0"
"Обращаем ваше внимание, что please do not reply to this automated message. Contact support if assistance is required.","0","ai","1"
"Не забудь взять ноутбук с презентацией на совзон в понедельник.","0","human","0"
"Уважаемый абонент, мы обновили политику конфиденциальности. Ознакомьтесь с условиями по ссылке.","0","ai","1"
"Информируем вас о том, что please be advised that unusual login activity was detected. Confirm your identity via the secure link below.","1","ai","1"
"Информируем вас о том, что your monthly statement is ready. Please find the PDF attached for your records.","0","ai","1"
"Уважаемый клиент, настоящим сообщаем, что ваш аккаунт будет заблокирован в течение 24 часов. Пожалуйста, подтвердите данные по ссылке. С уважением, команда Сервис.","1","ai","1"
"Настоящим сообщаем, что уважаемый абонент, запись на приём подтверждена. Дата визита: 14 числа текущего месяца.","0","ai","1"
"Ты не поверишь, я нашёл способ заработать миллион за неделю! Пиши!!","1","human","0"
"Доводим до вашего сведения, что уважаемый пользователь, ваша подписка истекает через 7 дней. Пожалуйста, продлите её для сохранения доступа.","0","ai","1"
"Hey, can you send me the slides from yesterday's meetnig? I lost the email.","0","human","0"
"Информируем вас о том, что дорогой друг, настоящим сообщаем о необходимости срочной верификации аккаунта.","1","ai","1"
"Здравствуйте, уважаемый клиент! Будем рады ответить на ваши вопросы. С уважением, команда Магазин.","0","ai","1"
"Информируем вас о том, что your subscription renewal is scheduled in 14 days. Please review the updated terms at your convenience.","0","ai","1"
"Ммаа, позвони как сможешь, я буду дома после шести.","0","human","0"
"Срочно!!! Ваша посылка задержана на таможне. Оплати сбор по ссылке!!! )))","1","human","0"
"Уважаемый клиент, уважаемый абонент, запись на приём подтверждена. Дата визита: 14 числа текущего месяца.","0","ai","1"
"Здарова, Хочешь заработать 5000$ в день работая из дома? Пиши в личку прямо сейчас!!!","1","human","0"
"WINENR!!! You have been selected! Reply with SSN to claim prize NOW!!!","1","human","0"
"Ок, тогда созвонимся после обеда и обсудим баг с логином.","0","human","0"
"Привет! Давай встретимся завтра в 15:00 в кафе на Ленина. ;)","0","human","0"
"Thank you for contacting support. Your ticket # thr5521 has been received and is under review. С уважением, команда Магазин.","0","ai","1"
"Информируем вас о том, что настоящим уведомляем о необходимости подтверждения email в течение 12 часов.","1","ai","1"
"WINNER!!! You have been selected! Reply with SSN to claim prize NOW!!","1","human","0"
"Обращаем ваше внимание, что настоящим уведомляем о необходимости подтверждения email в течение 12 часов.","1","ai","1"
"Заказ №9021 отправлен, ждите доставку 2-3 дня!!","0","human","0"
"Уважаемый абонент, ваш запрос зарегистрирован под номером 38526.","0","ai","1"
"Здарова, Ты не поверишь, я нашёл способ заработать миллион за неделю!","1","human","0"
"Эй, Срочно!!! Ваша посылка задержана на таможне. Оплати сбор по ссылке!!!","1","human","0"
"Здравствуйте, уважаемый клиент! your subscription renewal is scheduled in 14 days. Please review the updated terms at your convenience.","0","ai","1"
"Уважаемый абонент, уважаемый клиент! Ваш билет подтверждён, однако требуется регистрация в течение 24 часов.","1","ai","1"
"Привет! Lunch at 1? I'm near the office cafe if that works.","0","human","0"
"We kindly request that you update your billing information to continue uninterrupted service. Благодарим за понимание.","1","ai","1"
"Доводим до вашего сведения, что обращаем ваше внимание, что мы заметили подозрительную активность. Авторизуйтесь для подтверждения личности.","1","ai","1"
"Ты не поверишь, я нашёл способ заработать миллион за неделю! Пиши!!! ;)","1","human","0"
"Привет! Приветик, скинь пожалуйста адрес доставки ещё раз.","0","human","0"
"Ты не поверишь, я нашёл способ заработать миллион за неделю! Пиши!!!!!","1","human","0"
"Ок, тогда созовнимся после обеда и обсудим баг с логином.","0","human","0"
"Срочно!!! Ваша посылка задержана на таможне. Оплати сбор по ссылке!!! ;)","1","human","0"
"We regret to inform you that your payment could not be processed. Kindly re-enter card details. С уважением, команда Маркет.","1","ai","1"
"Обращаем ваше внимание, что информируем, что профиль выбран для участия в программе лояльности с бонусами до 50%.","0","ai","1"
"Дорогой друг, здравствуйте! Ваш запрос зарегистрирован под номером 48291. С уважением, служба поддержки.","0","ai","1"
"Got it, thnaks — I'll push the fix tonight.","0","human","0"
"Эй, Buy cheap meds online no prescription needed!!! Best prices guaranteed!!!","1","human","0"
"Перешли пожалуйста инвойс за август, бухгалтерия просит!!!","0","human","0"
"Здарова, ВЫ ВЫИГРАЛИ В ЛОТЕРЕЮ! Отправьте нам ваши банковские данные для получения приза.","1","human","0"
"Настоящим сообщаем, что we regret to inform you that your payment could not be processed. Kindly re-enter card details.","1","ai","1"
"Got it, thanks — I'll push the fix tonihgt.","0","human","0"
"Обращаем ваше внимание, что уважаемый абонент, запись на приём подтверждена. Дата визита: 14 числа текущего месяца.","0","ai","1"
"Уважаемый абонент, настоящим уведомляем о необходимости подтверждения email в течение 12 часов.","1","ai","1"
"Добрый день! Отправляю акт по договору №71876, проверь и подпиши пожалуйста.","0","human","0"
"Доводим до вашего сведения, что уважаемый абонент, запись на приём подтверждена. Дата визита: 14 числа текущего месяца.","0","ai","1"
"Информируем вас о том, что ваш платёж был отклонён. Обновите платёжные данные, чтобы продолжить использование сервиса. С уважением, команда Банк.","1","ai","1"
"Скинь отчёт за прошлый месяц, не могу найти его в почте :) ;)","0","human","0"
"Доводим до вашего сведения, что we kindly request that you update your billing information to continue uninterrupted service.","1","ai","1"
"Эй, ты видел новое сообщение в чате? Там правка по ТЗ. :)","0","human","0"
"Здравствуйте! дорогой друг, настоящим сообщаем о необходимости срочной верификации аккаунта.","1","ai","1"
"Добрый день! Хочешь заработать 5000$ в день работая из дома? Пиши в личку!","1","human","0"
"Приветик, Скинь отчёт за прошлый месяц, не могу найти его в почте :)","0","human","0"
